day_id,time_step,L,PV,WT
298,1,53.18320924,0.00000000,0.67319220
298,2,51.12405222,0.00000000,1.05614040
298,3,46.94765825,0.00000000,1.63477860
298,4,38.08412091,0.00000000,0.72845930
298,5,37.54918732,0.00000000,1.44990810
298,6,40.68514545,0.00000000,0.31422700
298,7,43.94224368,0.00000000,0.00000000
298,8,43.09427201,0.00000000,0.00000000
298,9,35.70108963,0.00000000,0.28643670
298,10,33.33212661,0.00000000,0.00000000
298,11,28.10473671,0.00000000,0.00000000
298,12,30.10940975,0.00000000,0.00000000
298,13,32.50615999,0.00000000,0.00000000
298,14,36.36417052,0.00000000,0.00000000
298,15,39.07184023,0.00000000,0.00000000
298,16,35.78513381,0.00000000,0.00000000
298,17,35.48089176,0.00000000,0.00000000
298,18,33.23118677,0.00000000,0.20967210
298,19,33.83256499,0.00000000,0.32633350
298,20,34.02866147,0.00000000,0.30584990
298,21,31.40973023,0.00000000,0.00000000
298,22,33.63657796,0.00000000,0.00000000
298,23,32.48653204,0.00000000,0.00000000
298,24,41.32754140,0.00000000,0.01109030
298,25,43.47205372,0.00000000,0.02701740
298,26,47.10790050,0.00000000,4.80491700
298,27,36.95823102,0.00000000,7.13599110
298,28,37.00182188,0.00000000,4.46757540
298,29,32.85912957,0.00000000,5.60748520
298,30,38.74963702,0.00000000,7.19857870
298,31,35.13198971,0.00000000,7.57142410
298,32,40.58030799,0.00000000,8.47285010
298,33,46.63078528,0.00000000,4.48627760
298,34,52.33150826,0.00000000,1.97222770
298,35,53.16102894,0.00000000,2.68998800
298,36,49.29275045,0.13218520,2.73256190
298,37,52.29729399,0.20786750,3.46549850
298,38,58.11832416,0.31018100,3.59191020
298,39,72.63598344,0.56770130,4.62486290
298,40,80.54110233,0.98510380,5.80440170
298,41,89.99464090,1.13909390,9.05292160
298,42,87.84764618,1.39132450,6.10207840
298,43,91.31618527,1.64132200,5.29155110
298,44,90.40731825,1.85719620,4.77974900
298,45,100.79872691,1.94402730,5.20010710
298,46,104.01215681,2.03700340,3.55906910
298,47,106.13954201,2.92477870,3.03790870
298,48,98.56548367,3.62260550,0.99943760
298,49,96.40159712,4.17764910,5.18823890
298,50,98.96449424,4.36330930,4.12420170
298,51,104.98994557,4.56994310,3.72231910
298,52,108.46342146,5.12397580,5.53820220
298,53,108.56330780,5.14708880,5.60031030
298,54,112.07384249,5.24279790,7.01655270
298,55,120.35877450,4.82235620,8.07462620
298,56,124.13906088,5.65709190,7.33215750
298,57,115.13360778,5.97329490,6.73677340
298,58,100.86931282,5.20047050,6.70693700
298,59,86.78921809,4.49950140,6.03673840
298,60,83.50722149,4.53199380,5.39041940
298,61,75.51540335,4.48232280,5.75963660
298,62,77.05555112,4.16535870,7.09598100
298,63,69.95040302,4.03629350,7.42983280
298,64,69.99505731,3.06652830,5.95639570
298,65,61.33712277,2.56689010,7.84048000
298,66,61.70281263,2.13849980,14.58375490
298,67,65.42200625,2.00682430,16.86820750
298,68,79.35914413,1.66983100,18.17777780
298,69,99.46583916,1.67971550,8.24345530
298,70,108.45491022,1.35125630,16.60676950
298,71,109.99404337,1.24250210,20.90614020
298,72,103.98909549,0.00000000,19.65811350
298,73,110.23764972,0.00000000,10.30153050
298,74,116.08361554,0.00000000,9.63381010
298,75,115.50768716,0.00000000,14.06654820
298,76,109.11067388,0.00000000,6.38143000
298,77,102.67543114,0.00000000,5.34035300
298,78,103.48056613,0.00000000,11.08461080
298,79,100.72249664,0.00000000,9.12446750
298,80,102.95086403,0.00000000,5.40522720
298,81,105.15548108,0.00000000,6.26599230
298,82,112.02028640,0.00000000,7.11717080
298,83,114.02452190,0.00000000,2.80996130
298,84,111.34389445,0.00000000,1.67696760
298,85,101.91455032,0.00000000,1.84465750
298,86,95.90473437,0.00000000,2.21951500
298,87,94.68954186,0.00000000,0.02104140
298,88,103.07458255,0.00000000,9.10661310
298,89,103.81265270,0.00000000,13.37911670
298,90,100.80494139,0.00000000,12.65217640
298,91,90.21731241,0.00000000,7.15990410
298,92,86.86426719,0.00000000,6.33080040
298,93,81.54514926,0.00000000,7.47779270
298,94,73.89639258,0.00000000,11.40207690
298,95,56.90395198,0.00000000,12.63681230
298,96,43.66180391,0.00000000,11.68414020
121,1,82.60174954,0.00000000,39.46311140
121,2,83.58099416,0.00000000,39.89562650
121,3,86.35912973,0.00000000,44.32692660
121,4,85.15958833,0.00000000,48.78824900
121,5,86.67975642,0.00000000,53.31019990
121,6,82.49532722,0.00000000,55.35649140
121,7,81.35250197,0.00000000,52.45200950
121,8,80.44264661,0.00000000,50.71702160
121,9,83.88516547,0.00000000,51.32151210
121,10,87.45624788,0.00000000,51.02366500
121,11,82.99859887,0.00000000,48.92156550
121,12,75.96310807,0.00000000,42.76289780
121,13,63.01401033,0.00000000,28.49144120
121,14,54.23505424,0.00000000,17.54930300
121,15,48.27760235,0.00000000,13.26607140
121,16,44.89688328,0.00000000,10.33436370
121,17,43.25785213,0.00000000,7.72894530
121,18,40.18768604,0.00000000,2.99605950
121,19,45.18357895,0.00000000,3.46289700
121,20,44.89011144,0.00000000,4.50155840
121,21,46.08189667,0.00000000,6.68393110
121,22,35.06326329,0.00000000,7.90440200
121,23,34.85672666,0.00000000,7.20108280
121,24,29.61470592,0.00000000,7.11617650
121,25,32.96402106,0.00000000,8.26807170
121,26,27.54797720,0.00000000,8.78307440
121,27,32.67156280,0.00000000,8.02424240
121,28,41.01256759,0.00000000,7.56337670
121,29,50.91946985,0.00000000,7.69838080
121,30,53.13829922,0.00000000,8.16729560
121,31,49.07019934,0.00000000,9.30396610
121,32,49.56751322,0.00000000,10.21462340
121,33,59.71409785,0.00000000,10.67319430
121,34,92.05181308,0.00000000,33.86887090
121,35,120.08276741,0.00000000,79.64648240
121,36,144.30417886,1.44893800,80.32385210
121,37,146.05497266,2.25914030,82.58273170
121,38,152.92419543,3.59305960,83.68004770
121,39,155.39316985,6.39528500,82.45422620
121,40,160.00000000,10.50004600,79.57806280
121,41,160.00000000,11.75153020,73.40122620
121,42,160.00000000,14.69767130,72.33778920
121,43,160.00000000,18.40065660,81.50118210
121,44,160.00000000,20.43947420,88.51107850
121,45,160.00000000,21.39884440,91.21403070
121,46,160.00000000,22.20641980,89.86949020
121,47,160.00000000,31.30854210,80.43002810
121,48,160.00000000,38.75666520,73.35908580
121,49,160.00000000,43.68196050,68.08892950
121,50,160.00000000,47.08058590,69.11775950
121,51,160.00000000,50.36872150,74.73246440
121,52,160.00000000,56.93084440,75.08165080
121,53,160.00000000,58.07574320,64.90017510
121,54,152.22956029,55.87038200,49.92405780
121,55,146.13416238,50.67560050,25.35902730
121,56,135.09148635,60.91450770,8.88727180
121,57,134.92779361,63.51490950,8.60242180
121,58,122.83378983,56.90174310,7.57273110
121,59,114.61865632,48.64783960,5.05369280
121,60,99.11727156,48.66216910,3.41907470
121,61,93.54320694,50.15678620,2.52259040
121,62,92.91485887,45.58279260,0.51299680
121,63,100.89100167,42.56997620,0.34823060
121,64,111.31473169,34.14890760,0.19195020
121,65,110.47077035,28.47276460,0.05287370
121,66,104.40225665,22.25600230,0.00000000
121,67,97.78570892,21.71912770,0.00000000
121,68,102.43175481,18.90861990,0.00000000
121,69,103.42496009,18.14994250,0.00000000
121,70,101.59747975,13.55018810,0.00000000
121,71,94.00336146,13.03518370,0.00000000
121,72,90.02412170,0.00000000,0.00000000
121,73,87.96636197,0.00000000,0.00000000
121,74,84.80066846,0.00000000,0.00000000
121,75,83.58051596,0.00000000,0.00000000
121,76,81.11913389,0.00000000,0.00000000
121,77,84.27550271,0.00000000,0.11424750
121,78,85.57271373,0.00000000,0.32418440
121,79,85.41153547,0.00000000,0.45713890
121,80,79.58968839,0.00000000,1.99816940
121,81,77.26276120,0.00000000,4.93513250
121,82,75.14323279,0.00000000,4.62684920
121,83,79.09639251,0.00000000,3.72059020
121,84,74.26503452,0.00000000,2.64536220
121,85,72.32958990,0.00000000,1.23181910
121,86,65.75113418,0.00000000,0.26597280
121,87,65.97335007,0.00000000,0.14006290
121,88,63.64511199,0.00000000,3.49336320
121,89,57.87797652,0.00000000,10.42314250
121,90,46.61439126,0.00000000,10.21195270
121,91,44.26294190,0.00000000,9.45761090
121,92,48.93822324,0.00000000,9.10654700
121,93,54.86120170,0.00000000,9.56163000
121,94,51.79763537,0.00000000,9.28328000
121,95,43.88729515,0.00000000,7.53767350
121,96,39.46398185,0.00000000,5.71451020
233,1,50.97763806,0.00000000,0.76074890
233,2,49.28993606,0.00000000,0.00000000
233,3,46.26938348,0.00000000,0.00000000
233,4,38.72230817,0.00000000,0.04435270
233,5,40.60974691,0.00000000,0.16568200
233,6,45.42302162,0.00000000,0.39185210
233,7,51.30020609,0.00000000,1.06569680
233,8,51.00170408,0.00000000,2.33566220
233,9,43.84050244,0.00000000,4.79771920
233,10,39.58117420,0.00000000,6.62751510
233,11,33.14411022,0.00000000,7.19261140
233,12,33.88422121,0.00000000,6.92284210
233,13,35.32708168,0.00000000,4.98315210
233,14,38.17918754,0.00000000,3.34939150
233,15,42.08873720,0.00000000,2.32730780
233,16,40.06171310,0.00000000,1.68869910
233,17,40.45798020,0.00000000,1.81688550
233,18,36.97032383,0.00000000,2.23515120
233,19,38.51765790,0.00000000,3.23346540
233,20,40.28439964,0.00000000,4.14595160
233,21,40.01514194,0.00000000,4.88673010
233,22,41.81899537,0.00000000,5.82024450
233,23,41.73961469,0.00000000,7.13924590
233,24,49.32997102,0.00000000,8.19813800
233,25,48.42033309,0.00000000,8.73689540
233,26,47.77212660,0.00000000,9.09172870
233,27,36.77909728,0.00000000,9.07886190
233,28,36.29164453,0.00000000,8.79954470
233,29,32.73956820,0.00000000,7.98752810
233,30,37.12108673,0.00000000,7.54033470
233,31,33.54645840,0.19187660,7.82302660
233,32,38.24716642,0.25935910,7.96598790
233,33,43.98128554,0.31463870,7.82974640
233,34,49.52839526,0.38598350,7.77195670
233,35,48.58855859,0.45922430,7.87132900
233,36,42.53115760,0.52388740,7.67316950
233,37,44.10155094,0.59829770,6.88018570
233,38,48.59777088,0.60586110,6.27148540
233,39,61.24650873,0.61118320,6.03155690
233,40,67.62364612,0.68641760,6.01358580
233,41,76.45290807,0.77651580,6.43968730
233,42,74.34473087,0.82235300,6.86591450
233,43,79.11582561,0.94295330,7.29249560
233,44,81.24357762,1.16789500,7.86049320
233,45,95.44199736,1.35574440,8.71136480
233,46,99.49993842,1.61129860,8.98161330
233,47,101.99209199,2.09873640,8.09059270
233,48,92.46268211,2.43078880,14.65529780
233,49,90.28590908,2.80006880,10.06993450
233,50,95.02879720,3.12687630,12.68407270
233,51,102.83430512,3.67610940,20.86345420
233,52,108.96226211,4.21447820,15.15803250
233,53,109.13892851,4.72520660,13.48034460
233,54,116.88793294,5.14781190,20.86583020
233,55,129.35636255,5.18962910,28.19595500
233,56,139.54776906,5.43167620,37.13161420
233,57,138.86670139,6.05094730,44.07380010
233,58,133.54607830,6.13095290,54.82706690
233,59,127.04507803,6.77007980,57.07126490
233,60,130.04871890,6.76074000,61.55501440
233,61,122.39778834,7.05766940,61.39363100
233,62,125.91267630,6.94467190,50.93165660
233,63,113.48124762,6.47429140,59.54379270
233,64,113.29808009,6.22473610,44.24196480
233,65,96.16996493,6.07542990,48.02336650
233,66,93.83511631,6.13895360,39.56164880
233,67,94.75573849,5.77963720,46.60646640
233,68,110.28927916,5.36868590,49.55035330
233,69,127.33004560,4.69246140,44.10481710
233,70,133.38673074,4.35523550,44.18901560
233,71,134.42310073,3.92237310,46.06985580
233,72,132.55425568,3.40111700,46.48732690
233,73,142.76452011,3.14249770,38.40097240
233,74,152.28967109,2.29172350,44.92368800
233,75,153.42897152,1.84490290,52.74853000
233,76,146.80646252,1.36800980,44.76909840
233,77,141.84837685,0.84290900,37.47441220
233,78,142.19937181,0.41947470,49.24946380
233,79,140.36150027,0.00000000,43.22919970
233,80,132.96823306,0.00000000,41.82994250
233,81,127.37928780,0.00000000,24.85111080
233,82,125.96994037,0.00000000,24.67060050
233,83,130.40338137,0.00000000,19.18739670
233,84,128.18982125,0.00000000,25.10996050
233,85,120.64374144,0.00000000,14.55694640
233,86,112.99692123,0.00000000,15.57224810
233,87,110.41858516,0.00000000,18.42588400
233,88,112.62196577,0.00000000,17.95493880
233,89,106.21794582,0.00000000,16.69978420
233,90,101.85383822,0.00000000,16.53439460
233,91,95.02247775,0.00000000,20.01640030
233,92,96.26893786,0.00000000,20.21545080
233,93,90.30901249,0.00000000,19.99111340
233,94,78.67800641,0.00000000,16.43984350
233,95,57.72703143,0.00000000,15.85519380
233,96,42.59388863,0.00000000,12.74047660
315,1,91.29076277,0.00000000,47.42769620
315,2,78.82484291,0.00000000,40.28533830
315,3,60.82646101,0.00000000,18.15063040
315,4,50.60675704,0.00000000,7.59826320
315,5,49.80020066,0.00000000,7.00920130
315,6,52.30761901,0.00000000,6.51857910
315,7,51.01512016,0.00000000,7.51663750
315,8,42.32053248,0.00000000,7.25161210
315,9,36.65553628,0.00000000,1.87363700
315,10,27.61106355,0.00000000,0.77016120
315,11,25.96611353,0.00000000,0.76823750
315,12,25.68378243,0.00000000,0.76621880
315,13,28.80407380,0.00000000,0.76411340
315,14,32.52512809,0.00000000,0.76193050
315,15,30.31504377,0.00000000,0.75968030
315,16,30.70322632,0.00000000,0.75737390
315,17,28.27892091,0.00000000,0.75502310
315,18,30.58787968,0.00000000,0.75264100
315,19,31.53992659,0.00000000,0.75024110
315,20,31.04861689,0.00000000,0.74783810
315,21,33.85007144,0.00000000,0.74544710
315,22,37.19519261,0.00000000,4.38369290
315,23,49.11000692,0.00000000,12.81397140
315,24,51.51601271,0.00000000,15.45130210
315,25,53.11804323,0.00000000,12.21992940
315,26,45.41328852,0.00000000,16.18225670
315,27,48.43862855,0.00000000,19.97006200
315,28,48.54684594,0.00000000,22.55511060
315,29,56.81003462,0.00000000,27.98115660
315,30,58.38317650,0.00000000,37.80657140
315,31,62.23215502,0.00000000,40.21655440
315,32,63.57863100,0.00000000,28.61924570
315,33,64.95495724,0.00000000,26.11417060
315,34,63.11397475,0.00000000,26.90625610
315,35,59.95059064,0.00000000,22.05056070
315,36,65.99834474,11.68380510,17.87701200
315,37,82.66389348,19.44237740,23.25508310
315,38,101.01465737,33.22785820,28.49957050
315,39,115.08496404,28.71004300,22.84019000
315,40,132.62448825,33.90626500,30.81257310
315,41,142.41582894,47.23516220,39.92705960
315,42,153.97709296,47.45936320,38.46058860
315,43,154.46969308,58.35999560,33.79160450
315,44,160.00000000,73.42651000,29.12280240
315,45,160.00000000,71.80098030,24.50730620
315,46,160.00000000,83.34237680,26.25387160
315,47,159.93626229,72.03175190,25.10291470
315,48,159.93626229,75.03755160,20.23484880
315,49,159.93626229,76.50691050,17.95867750
315,50,157.43483071,69.39448410,12.45919340
315,51,152.20484713,67.31533930,5.02056780
315,52,142.90310991,58.02167910,4.77314450
315,53,135.62897633,51.70752230,1.76326530
315,54,132.56559322,38.31893090,1.63202820
315,55,126.47547119,34.62120080,1.52816880
315,56,110.90050056,25.56191740,1.41437090
315,57,92.96773408,15.30887260,1.28046220
315,58,78.46185304,12.38066290,1.22300100
315,59,75.81526620,11.03598730,1.31819910
315,60,69.02198981,7.98140700,1.37366710
315,61,70.68318808,8.61271650,1.34943550
315,62,64.19702904,7.88355680,1.46595500
315,63,62.34521488,5.29129450,1.86373610
315,64,49.22993339,0.00000000,2.05071280
315,65,43.88585357,0.00000000,1.81584790
315,66,43.78275028,0.00000000,1.48286780
315,67,61.18090627,0.00000000,0.95344360
315,68,83.58528883,0.00000000,0.79943950
315,69,94.35997973,0.00000000,1.39609530
315,70,95.41259623,0.00000000,1.63928470
315,71,94.35457681,0.00000000,1.17540780
315,72,105.69450296,0.00000000,1.07315610
315,73,111.64161864,0.00000000,1.69408010
315,74,110.89623023,0.00000000,1.88385070
315,75,105.84294073,0.00000000,1.21130560
315,76,101.59302887,0.00000000,0.78396440
315,77,99.58045474,0.00000000,0.84709070
315,78,93.53021823,0.00000000,0.89067480
315,79,93.00972283,0.00000000,0.77896570
315,80,93.34701651,0.00000000,0.55269970
315,81,97.30813820,0.00000000,0.55691080
315,82,97.30779649,0.00000000,0.56089250
315,83,96.11542434,0.00000000,0.56463540
315,84,91.29194245,0.00000000,4.42980020
315,85,93.45738226,0.00000000,9.67569660
315,86,97.25584232,0.00000000,19.72444610
315,87,103.19976456,0.00000000,22.14989330
315,88,101.34418959,0.00000000,14.80635910
315,89,108.20754219,0.00000000,22.60382350
315,90,110.89883476,0.00000000,50.58761050
315,91,125.62299691,0.00000000,43.87590200
315,92,127.96646762,0.00000000,72.19432890
315,93,123.35265760,0.00000000,79.02756940
315,94,84.29120250,0.00000000,60.00808590
315,95,68.23566978,0.00000000,5.60253400
315,96,63.83183473,0.00000000,44.64108160
312,1,52.18195617,0.00000000,0.52146170
312,2,46.96541798,0.00000000,0.62385510
312,3,38.91179384,0.00000000,0.33093860
312,4,39.84902461,0.00000000,0.15706820
312,5,44.19800406,0.00000000,0.22107730
312,6,48.18185513,0.00000000,0.39888320
312,7,46.50732098,0.00000000,0.80404580
312,8,38.94125710,0.00000000,1.24131390
312,9,36.14864058,0.00000000,1.74253240
312,10,28.80396995,0.00000000,2.02639380
312,11,27.73721841,0.00000000,1.87525890
312,12,28.66620798,0.00000000,2.07951140
312,13,34.20426437,0.00000000,2.99423870
312,14,39.56357017,0.00000000,3.47066230
312,15,36.21194505,0.00000000,3.07016720
312,16,35.47021077,0.00000000,2.72530130
312,17,30.95404680,0.00000000,2.49137840
312,18,31.72340792,0.00000000,2.24874060
312,19,31.29171223,0.00000000,1.98836120
312,20,29.74226498,0.00000000,1.61043330
312,21,32.48692471,0.00000000,0.99710580
312,22,32.61284694,0.00000000,0.78192280
312,23,41.55850383,0.00000000,1.36273780
312,24,41.60548443,0.00000000,1.74723200
312,25,42.23938844,0.00000000,1.73880420
312,26,32.00623121,0.00000000,1.87466630
312,27,33.02202983,0.00000000,2.29883330
312,28,30.76532387,0.00000000,4.05805300
312,29,37.51877550,0.00000000,5.85757480
312,30,34.16471484,0.00000000,9.48580010
312,31,38.93779579,0.00000000,7.76611280
312,32,44.00320563,0.00000000,5.98884130
312,33,50.72500108,0.00000000,8.66787060
312,34,51.10596733,0.00000000,10.14798090
312,35,48.56137001,0.00000000,10.02848760
312,36,54.70973927,9.73291940,9.71207360
312,37,69.85801000,16.07910550,10.73356080
312,38,87.65086144,31.38331210,10.73068410
312,39,97.93871661,26.20299400,10.22965600
312,40,110.25860721,27.44571610,9.98110810
312,41,113.31834069,43.42060100,8.15457420
312,42,124.48579137,41.96698090,6.35915400
312,43,130.19028052,51.02106190,4.39172910
312,44,146.42976313,61.01734780,2.47787180
312,45,155.03873010,61.54505420,1.03777640
312,46,155.22409750,69.22307750,0.36096160
312,47,147.44273159,60.03977570,0.45972470
312,48,144.03766596,60.33085470,0.59860450
312,49,148.20988831,62.36308340,1.45466300
312,50,153.23058214,58.51470820,0.80330350
312,51,154.08412318,55.94636430,0.00000000
312,52,148.95626444,53.73418450,0.18888160
312,53,143.97661956,44.93099360,3.02802080
312,54,142.13855365,32.44585900,1.14818810
312,55,135.40970542,31.17867540,2.01917690
312,56,120.87584122,23.26803160,4.05733640
312,57,102.21121897,13.52507050,5.16222490
312,58,88.57896871,10.48616460,5.14966860
312,59,88.56134684,10.22690660,8.95516950
312,60,81.77913432,7.22112890,15.78396960
312,61,83.04035646,7.05283980,8.57222840
312,62,73.83023576,7.78276280,5.59951410
312,63,70.54815658,4.33174890,8.06867020
312,64,56.16860239,0.00000000,5.07470420
312,65,51.84671463,0.00000000,6.07083250
312,66,54.25481464,0.00000000,9.25115480
312,67,74.93400335,0.00000000,6.40118230
312,68,97.35302593,0.00000000,10.35000330
312,69,107.14996021,0.00000000,6.07246380
312,70,109.31765675,0.00000000,3.90385410
312,71,109.93016211,0.00000000,9.84881850
312,72,126.54379724,0.00000000,5.69800570
312,73,140.25361035,0.00000000,5.27067730
312,74,145.09510977,0.00000000,20.22508040
312,75,147.75024331,0.00000000,9.18207070
312,76,143.63233707,0.00000000,16.20888240
312,77,149.48920783,0.00000000,8.75526210
312,78,151.13390933,0.00000000,13.05390240
312,79,157.90608664,0.00000000,35.01277020
312,80,159.53715768,0.00000000,22.29666660
312,81,159.53715768,0.00000000,15.95323510
312,82,159.53715768,0.00000000,27.82947710
312,83,158.50978696,0.00000000,14.56418880
312,84,158.50978696,0.00000000,16.55043720
312,85,150.75306078,0.00000000,49.38805490
312,86,143.21563326,0.00000000,12.55697220
312,87,133.85700473,0.00000000,10.10199390
312,88,123.52199678,0.00000000,6.19964260
312,89,114.09298883,0.00000000,5.42464370
312,90,102.73705750,0.00000000,7.82316450
312,91,99.08680955,0.00000000,11.76860420
312,92,91.86301459,0.00000000,6.13566590
312,93,81.97506418,0.00000000,13.23681750
312,94,74.83256016,0.00000000,20.46845850
312,95,78.62435674,0.00000000,46.82050590
312,96,87.33822014,0.00000000,43.76240650
280,1,64.98010993,0.00000000,22.54922500
280,2,63.48182213,0.00000000,23.35959160
280,3,62.20240775,0.00000000,20.18043170
280,4,55.93511159,0.00000000,23.72815660
280,5,58.20118175,0.00000000,22.66261500
280,6,63.04874266,0.00000000,25.64158730
280,7,67.69143597,0.00000000,28.81646160
280,8,71.98289574,0.00000000,27.83384510
280,9,69.57662460,0.00000000,38.61508880
280,10,69.61158739,0.00000000,40.44606910
280,11,62.06620105,0.00000000,35.85948450
280,12,58.41688870,0.00000000,34.31236320
280,13,56.78265496,0.00000000,29.24246430
280,14,58.78215759,0.00000000,28.85362230
280,15,63.20299275,0.00000000,32.11258980
280,16,63.31394695,0.00000000,34.76344040
280,17,65.37484847,0.00000000,37.79627670
280,18,62.50265018,0.00000000,37.49228500
280,19,63.30015486,0.00000000,35.08769340
280,20,64.95997060,0.00000000,40.75088220
280,21,65.35409747,0.00000000,45.56653210
280,22,63.84767645,0.00000000,43.39190690
280,23,57.61037049,0.00000000,32.45122300
280,24,61.14070737,0.00000000,28.59348520
280,25,62.19910949,0.00000000,30.79197620
280,26,60.82827981,0.00000000,33.29603170
280,27,47.24337613,0.00000000,23.65863200
280,28,40.96247628,0.00000000,18.45817720
280,29,37.27244911,0.00000000,14.78544700
280,30,42.88216053,0.00000000,20.81080570
280,31,42.87876934,0.00000000,22.85681720
280,32,51.64451029,0.00000000,24.18020260
280,33,61.66271400,0.00000000,30.88209100
280,34,72.25917903,0.00000000,36.34900360
280,35,73.72548696,0.00000000,39.65213620
280,36,65.81508457,0.15102870,34.63293130
280,37,65.25854685,0.23881450,24.80678460
280,38,68.10319393,0.35648070,33.36998360
280,39,87.38944778,0.64877690,33.27130320
280,40,106.33551458,1.12638380,49.73658840
280,41,125.62023944,1.30009150,71.43996470
280,42,128.08778869,1.57526730,66.61752920
280,43,127.71725550,1.88876570,63.44223120
280,44,123.83708761,2.13102320,62.22629310
280,45,128.24875743,2.20473630,53.03139890
280,46,126.63562617,2.30275030,48.02453360
280,47,128.99643402,3.28267460,48.30877940
280,48,127.09710376,4.06404050,56.04920780
280,49,126.30952802,4.72353540,59.48031860
280,50,129.65166741,5.07728200,52.51474560
280,51,127.24826949,5.22865170,59.63473840
280,52,123.22952785,5.77194920,40.97845940
280,53,111.18355557,5.84718930,30.89292190
280,54,105.17172467,5.93383330,27.38399650
280,55,104.98556023,5.52806320,15.87428470
280,56,101.14712842,6.52972690,16.20810780
280,57,94.25198644,6.72521100,12.70723980
280,58,84.68830244,5.79016850,16.43756910
280,59,78.24689356,5.12140250,17.86290600
280,60,74.71634272,5.12199690,17.92873690
280,61,65.70450415,5.10610190,9.75566200
280,62,63.06833190,4.80074930,9.87467040
280,63,56.95813636,4.58864390,10.45172800
280,64,56.92398534,3.48582750,11.91580260
280,65,46.05837011,2.91076240,11.75698100
280,66,40.10386124,2.42888690,5.77549200
280,67,39.53782456,2.27133420,3.46335120
280,68,52.57570573,1.88536430,10.26343590
280,69,72.69532598,1.90155950,8.59895270
280,70,85.29228782,1.52939360,14.28836400
280,71,89.75192703,1.41340990,25.53483140
280,72,93.00489313,0.00000000,20.81789690
280,73,102.48487226,0.00000000,25.47160600
280,74,112.24048691,0.00000000,26.38527830
280,75,111.51390116,0.00000000,32.79353350
280,76,107.63801579,0.00000000,24.35202990
280,77,102.68994598,0.00000000,25.75020700
280,78,106.05059216,0.00000000,23.79206600
280,79,111.31248672,0.00000000,29.87051180
280,80,121.67299455,0.00000000,45.95407610
280,81,121.45511816,0.00000000,50.06814360
280,82,118.38327100,0.00000000,31.44113410
280,83,110.03324820,0.00000000,26.07549920
280,84,106.56121714,0.00000000,21.64820460
280,85,98.85076895,0.00000000,19.88664000
280,86,99.70301267,0.00000000,22.03337970
280,87,98.79858194,0.00000000,35.91243810
280,88,103.44604977,0.00000000,24.55359880
280,89,101.11848219,0.00000000,25.32592510
280,90,103.51284122,0.00000000,37.34045170
280,91,103.39636577,0.00000000,40.78907570
280,92,106.45766190,0.00000000,45.39673330
280,93,108.46863698,0.00000000,47.58216310
280,94,104.80426225,0.00000000,57.76471090
280,95,94.90393812,0.00000000,52.31394720
280,96,84.90121702,0.00000000,60.89750420
259,1,76.14287216,0.00000000,36.61698400
259,2,75.15074940,0.00000000,47.20308310
259,3,76.01823642,0.00000000,43.33238690
259,4,69.98282030,0.00000000,31.74857540
259,5,65.68748272,0.00000000,19.19827760
259,6,60.55365517,0.00000000,20.14383670
259,7,51.55188319,0.00000000,24.82007420
259,8,41.58634102,0.00000000,14.01812430
259,9,26.93093050,0.00000000,1.68056110
259,10,22.12328789,0.00000000,1.75778220
259,11,22.79515233,0.00000000,2.18459480
259,12,27.21112728,0.00000000,1.92010870
259,13,30.67985084,0.00000000,2.53612270
259,14,28.23210212,0.00000000,3.51143250
259,15,28.11738192,0.00000000,4.52294940
259,16,25.11335599,0.00000000,3.79729800
259,17,27.47797948,0.00000000,3.75514190
259,18,29.86546499,0.00000000,4.78745330
259,19,31.24577634,0.00000000,5.74760440
259,20,34.20280685,0.00000000,5.13836330
259,21,35.56774535,0.00000000,9.71330250
259,22,50.47639439,0.00000000,11.81737760
259,23,55.12519889,0.00000000,29.50910350
259,24,58.11527196,0.00000000,25.43291860
259,25,45.11989025,0.00000000,22.06074140
259,26,46.24292775,0.00000000,20.47728140
259,27,46.23865792,0.00000000,25.47015080
259,28,52.48698365,0.00000000,28.60497680
259,29,48.69722651,0.00000000,24.25753300
259,30,51.80136914,0.00000000,27.94477980
259,31,59.49718193,0.00000000,26.13576340
259,32,66.68342478,0.00000000,33.13206950
259,33,57.82640234,0.00000000,32.66186410
259,34,42.80335411,2.10376040,3.27986570
259,35,35.10737993,2.83621160,3.33761530
259,36,39.79361979,4.01746990,3.89010850
259,37,50.39622330,5.26733000,4.13645020
259,38,57.32360248,6.18559310,2.88382620
259,39,68.96058772,6.32911590,2.15085030
259,40,71.65405503,8.58919970,2.00227350
259,41,86.07574441,10.14548600,3.00746360
259,42,103.84366011,12.61948170,24.74920230
259,43,133.72161769,14.97314630,51.11585510
259,44,151.53171017,19.70924800,70.09017020
259,45,156.23777419,20.97448730,72.31000500
259,46,152.39429115,23.94601870,53.00452560
259,47,152.39429115,24.43341710,56.35715090
259,48,150.95592783,27.42443620,69.34756320
259,49,152.55158939,28.57569660,31.53021980
259,50,152.55158939,31.37588710,38.88801130
259,51,157.75217852,37.28149720,65.45482460
259,52,160.00000000,41.55347650,72.97956490
259,53,160.00000000,47.49912690,51.55625230
259,54,160.00000000,44.52979450,65.16909400
259,55,152.91041161,55.51655280,31.40271370
259,56,142.21468560,60.16407370,10.12814560
259,57,129.39329494,55.84150260,4.12588030
259,58,128.54253171,57.83088000,6.06902670
259,59,125.22156767,60.29711400,7.18029850
259,60,123.93022438,55.51767320,6.45919820
259,61,115.09935626,47.73473820,7.27487370
259,62,113.13741928,57.30335930,6.34951060
259,63,103.98306409,52.61106450,5.89251140
259,64,98.35480552,45.43299030,6.07703030
259,65,96.20316789,46.84787350,7.37562000
259,66,108.70068921,52.18974610,5.26414840
259,67,121.36851389,39.69246780,19.10863410
259,68,122.37582765,32.99918800,15.46195490
259,69,116.64621418,30.18704610,6.09538660
259,70,111.05984714,32.10905370,5.41232430
259,71,115.60201769,26.33955150,6.06485140
259,72,114.28969853,23.36149120,4.72468120
259,73,107.35825408,18.33295060,3.95493030
259,74,101.92258533,14.43759450,3.18473080
259,75,98.95087693,0.00000000,25.93398180
259,76,94.80647142,0.00000000,20.96449980
259,77,92.68571192,0.00000000,2.77691140
259,78,100.49497484,0.00000000,29.93137010
259,79,125.72634936,0.00000000,45.04696470
259,80,145.86355796,0.00000000,74.50261160
259,81,158.83750389,0.00000000,91.64628330
259,82,160.00000000,0.00000000,91.65839600
259,83,157.07695819,0.00000000,91.12588800
259,84,151.49466772,0.00000000,86.94757160
259,85,141.64603096,0.00000000,73.90005480
259,86,128.54088871,0.00000000,63.32383440
259,87,122.50327573,0.00000000,38.09576910
259,88,119.95274567,0.00000000,59.25442910
259,89,124.32433573,0.00000000,55.14164220
259,90,125.18598295,0.00000000,63.20632200
259,91,117.82296086,0.00000000,62.34422470
259,92,103.64411971,0.00000000,52.71417500
259,93,81.03591158,0.00000000,48.98054300
259,94,70.22568638,0.00000000,43.67454200
259,95,69.45697745,0.00000000,35.29732830
259,96,76.21929772,0.00000000,44.46713820
297,1,69.78582023,0.00000000,27.80132890
297,2,65.90138191,0.00000000,29.10789580
297,3,56.64443333,0.00000000,26.70354270
297,4,52.98534664,0.00000000,17.77865330
297,5,52.33391050,0.00000000,16.01727650
297,6,56.51423705,0.00000000,17.09895060
297,7,59.71774172,0.00000000,21.80966280
297,8,55.39669197,0.00000000,28.12689420
297,9,52.23232726,0.00000000,23.65149300
297,10,42.41086958,0.00000000,19.06286490
297,11,42.73479143,0.00000000,14.45797420
297,12,41.15426836,0.00000000,23.79360910
297,13,50.32634397,0.00000000,11.71915170
297,14,53.24248779,0.00000000,30.47022100
297,15,56.91126359,0.00000000,20.64477780
297,16,56.02952870,0.00000000,28.31898710
297,17,57.16248357,0.00000000,27.18600330
297,18,54.66517291,0.00000000,31.55426090
297,19,50.60891359,0.00000000,19.49125850
297,20,40.54733722,0.00000000,15.48995290
297,21,38.02133581,0.00000000,6.52726620
297,22,36.21354374,0.00000000,7.06730960
297,23,46.57197359,0.00000000,13.10594670
297,24,50.21993657,0.00000000,16.33098710
297,25,53.31429056,0.00000000,17.61286420
297,26,45.02792042,0.00000000,20.26684400
297,27,42.52363256,0.00000000,20.79818320
297,28,33.21626414,0.00000000,14.69188150
297,29,29.83436235,0.00000000,3.73385780
297,30,22.03458621,0.00000000,0.00000000
297,31,25.07715476,0.00000000,0.03976550
297,32,29.86907050,0.00000000,0.00000000
297,33,34.73511678,0.00000000,0.02742060
297,34,33.60262580,0.00000000,0.07338350
297,35,28.65128089,0.00000000,0.02209920
297,36,29.88187309,1.39072010,0.00000000
297,37,40.71035139,2.15873460,0.00000000
297,38,62.87075141,3.23876340,17.57320560
297,39,92.09850968,5.66226900,29.76268420
297,40,124.97540327,10.07577960,60.91209550
297,41,145.70601095,11.45993310,82.16245720
297,42,157.42202257,13.71737590,87.16233810
297,43,157.42422604,15.94740410,86.86205120
297,44,159.75623088,18.12980580,74.55246070
297,45,156.16753763,19.97362600,70.89964620
297,46,144.82740654,19.98547600,52.96739840
297,47,133.65713207,28.51683230,26.58920590
297,48,127.32090536,40.37452270,23.67591540
297,49,129.20057726,46.93877110,15.17248300
297,50,129.05822564,44.86900310,7.99848550
297,51,138.98314560,45.40582720,3.36638240
297,52,148.68737391,53.21857710,34.59660300
297,53,160.00000000,59.06445180,39.26366660
297,54,160.00000000,57.22882790,50.29112780
297,55,160.00000000,51.56692140,65.47688230
297,56,160.00000000,59.59129490,55.05409020
297,57,160.00000000,58.19088130,73.91161800
297,58,160.00000000,52.71295340,67.95536910
297,59,160.00000000,46.37431440,76.27900070
297,60,160.00000000,44.87475790,72.87882400
297,61,160.00000000,46.48437340,84.62936900
297,62,160.00000000,41.19471360,83.40236940
297,63,160.00000000,38.81023190,86.21547810
297,64,155.45534722,32.09701870,88.81601400
297,65,151.05837522,25.88013530,88.64136590
297,66,148.41612891,21.52565380,88.80560680
297,67,152.96078169,20.42108800,85.32095640
297,68,157.35775369,16.49380030,88.79344300
297,69,150.88227238,16.89688160,88.81833930
297,70,150.88227238,13.54187010,52.09829220
297,71,147.25057253,13.28287440,88.24317290
297,72,134.06806618,0.00000000,70.00985640
297,73,113.37932254,0.00000000,0.00000000
297,74,117.01102239,0.00000000,13.37567800
297,75,137.62594727,0.00000000,85.77957800
297,76,152.37731312,0.00000000,71.89078080
297,77,141.18232672,0.00000000,62.49157720
297,78,124.63756947,0.00000000,41.81073310
297,79,111.14630228,0.00000000,27.34034090
297,80,100.51989648,0.00000000,18.19481620
297,81,99.95225542,0.00000000,11.19528580
297,82,99.06853500,0.00000000,12.10575060
297,83,98.24980974,0.00000000,9.36505540
297,84,89.48520874,0.00000000,7.88890810
297,85,83.02691614,0.00000000,4.36879120
297,86,78.08359320,0.00000000,2.22864980
297,87,79.31621143,0.00000000,0.00000000
297,88,74.90207915,0.00000000,0.00000000
297,89,73.02614539,0.00000000,0.00000000
297,90,71.27707781,0.00000000,4.92585080
297,91,79.44758068,0.00000000,14.10517480
297,92,81.83188745,0.00000000,26.84171940
297,93,73.49514169,0.00000000,25.85650380
297,94,52.68731523,0.00000000,14.21119460
297,95,41.87063390,0.00000000,6.97791920
297,96,40.39438868,0.00000000,5.83580580
197,1,72.04951680,0.00000000,30.79616740
197,2,68.00019614,0.00000000,30.20673990
197,3,61.33254847,0.00000000,29.76344110
197,4,61.37398657,0.00000000,28.84457530
197,5,63.97438823,0.00000000,27.06065430
197,6,65.49083596,0.00000000,28.57191120
197,7,61.31502351,0.00000000,25.18662340
197,8,52.50614065,0.00000000,21.64239590
197,9,47.03844681,0.00000000,23.86480830
197,10,39.75230183,0.00000000,16.85392150
197,11,36.51029061,0.00000000,15.17917450
197,12,36.62587991,0.00000000,13.44092290
197,13,41.53365770,0.00000000,15.11351220
197,14,47.04199249,0.00000000,19.12423410
197,15,44.59112942,0.00000000,18.10551620
197,16,44.08507116,0.00000000,13.93237410
197,17,44.29340773,0.00000000,17.30500760
197,18,49.60766274,0.00000000,27.06766300
197,19,53.73261253,0.00000000,27.73192240
197,20,53.59826868,0.00000000,30.05558270
197,21,57.95852550,0.00000000,30.74987200
197,22,58.02332752,0.00000000,34.94311430
197,23,67.15603515,0.00000000,32.13365660
197,24,71.88594042,0.00000000,37.42118580
197,25,77.62609961,0.00000000,48.77115280
197,26,69.40905160,0.00000000,46.44955100
197,27,64.49606088,0.00000000,39.46489810
197,28,59.70700381,0.00000000,36.22493830
197,29,62.38900782,0.15363240,42.95940630
197,30,57.83304896,0.26555750,37.86657310
197,31,58.19377465,0.38278180,32.69779320
197,32,58.33257217,0.50795880,29.74806660
197,33,58.11864339,0.56691340,22.01764610
197,34,54.27560834,0.65358220,16.35448280
197,35,47.93236546,0.78287260,20.39796750
197,36,49.45027980,0.80391110,18.43309770
197,37,52.19850669,0.84930610,19.51528490
197,38,62.65372305,0.87201390,19.48394730
197,39,67.39443540,0.87207700,18.39937280
197,40,74.04805928,0.89299040,14.79328540
197,41,73.40433626,0.92610670,13.23235660
197,42,80.10756150,0.98715590,18.74068390
197,43,88.07819954,1.04733040,22.15155280
197,44,103.96738234,1.18835290,33.45526200
197,45,109.13915337,1.36484040,32.76234460
197,46,104.99371945,1.67247390,25.19775920
197,47,89.72529619,1.89374030,16.55916010
197,48,81.58860795,2.57307420,7.73397160
197,49,81.75399710,3.68392080,6.60357180
197,50,85.38054334,4.09689570,7.98564730
197,51,87.60886317,4.56419790,4.40770350
197,52,85.44296997,5.03844510,4.48839260
197,53,89.49112722,5.39063240,4.25709880
197,54,97.39882830,5.99080370,8.12124810
197,55,104.00561028,6.67370640,12.81858880
197,56,100.72791041,6.82957360,18.28337360
197,57,96.36940417,6.89347490,20.89383500
197,58,96.75238615,6.77540490,31.01801330
197,59,108.66292465,7.25923550,46.49565100
197,60,118.98744787,7.51187960,56.91099180
197,61,127.29419936,7.27874610,77.80381630
197,62,123.90069204,6.58710200,67.49987520
197,63,111.46182015,6.45904790,66.57190100
197,64,91.73284024,6.41439270,41.45544130
197,65,77.49008233,6.21559320,35.40673010
197,66,74.73110745,5.82133530,30.37044740
197,67,84.76105910,5.50566150,32.89459670
197,68,100.36727977,4.86995190,28.71280480
197,69,103.79109411,4.71074400,32.90428470
197,70,99.27363556,4.23863660,24.15945470
197,71,90.20354170,4.00735890,16.88017870
197,72,92.87176266,3.49868720,11.32851510
197,73,94.89745836,3.18280550,9.23887880
197,74,94.45623211,2.65045140,9.18101770
197,75,92.37129275,2.03472350,9.88819320
197,76,92.27358452,1.44367090,11.25964790
197,77,96.05010623,1.04856490,14.03101050
197,78,96.07093982,0.61844470,17.19255440
197,79,99.60390583,0.38228640,18.95769200
197,80,100.89891665,0.23915770,21.34244680
197,81,105.87047307,0.12718910,21.23796840
197,82,108.24762722,0.00000000,19.99937790
197,83,112.40812328,0.00000000,21.88053500
197,84,114.79537801,0.00000000,33.39823030
197,85,110.75673877,0.00000000,46.70729590
197,86,103.86844686,0.00000000,22.50427790
197,87,100.68456728,0.00000000,19.85102960
197,88,98.27419085,0.00000000,27.86685500
197,89,105.42588475,0.00000000,25.68795800
197,90,110.36627645,0.00000000,50.99025010
197,91,126.07176273,0.00000000,60.90923760
197,92,131.38801227,0.00000000,73.49725170
197,93,131.79933834,0.00000000,81.19297970
197,94,121.98211750,0.00000000,86.82416210
197,95,111.89460156,0.00000000,88.24613050
197,96,105.06985293,0.00000000,62.81469330
221,1,36.78562194,0.00000000,2.72412020
221,2,45.57203356,0.00000000,0.00000000
221,3,50.94625586,0.00000000,0.00000000
221,4,49.22823851,0.00000000,0.00000000
221,5,42.69363579,0.00000000,0.00000000
221,6,44.57948292,0.00000000,0.00000000
221,7,47.46117999,0.00000000,0.01358120
221,8,51.04749340,0.00000000,0.39640620
221,9,49.28691413,0.00000000,1.37020880
221,10,41.61334445,0.00000000,3.17699200
221,11,37.69701996,0.00000000,3.63590640
221,12,30.00770540,0.00000000,2.88620330
221,13,28.42608556,0.00000000,1.70824440
221,14,28.69069976,0.00000000,0.28020180
221,15,32.50591366,0.00000000,0.27484250
221,16,37.91473868,0.00000000,0.26972860
221,17,36.51966801,0.00000000,0.26367490
221,18,38.61235675,0.00000000,4.69424320
221,19,36.83853667,0.00000000,5.89973890
221,20,39.07038996,0.00000000,6.71736110
221,21,41.29706670,0.00000000,7.13469570
221,22,41.27511139,0.00000000,8.27912430
221,23,44.55884657,0.00000000,7.53519710
221,24,42.88062167,0.00000000,7.27140590
221,25,51.45228487,0.00000000,6.58731390
221,26,51.03934065,0.00000000,7.24547960
221,27,51.86820879,0.00000000,7.05107260
221,28,40.52768472,0.00000000,7.29279310
221,29,39.91579653,0.00000000,6.12459350
221,30,35.69915701,0.00000000,3.48063290
221,31,40.84309119,0.20886000,6.00700460
221,32,36.40934289,0.28309950,8.21742490
221,33,43.89764446,0.34744020,4.83430690
221,34,51.56903517,0.42802210,9.67329460
221,35,58.51354671,0.50797280,8.43374010
221,36,54.62834942,0.57895390,5.46849450
221,37,46.31737387,0.65832650,3.71869310
221,38,48.13166015,0.66885960,6.68188830
221,39,55.24073785,0.66828630,8.47029400
221,40,70.59391521,0.75242590,8.64805980
221,41,78.47002937,0.85791160,8.49986090
221,42,87.44086045,0.91094570,8.63322690
221,43,82.75120841,1.04132620,2.96282190
221,44,85.76319815,1.27920260,1.16343220
221,45,86.13884010,1.48681970,1.41611060
221,46,99.92424408,1.76868240,1.40133570
221,47,104.17164015,2.29446380,0.21294620
221,48,108.39716569,2.69119470,0.22484950
221,49,103.46955326,3.12617710,8.07720200
221,50,104.87382246,3.46389400,13.45311960
221,51,110.87466274,4.06066760,14.69781890
221,52,117.15105029,4.64572110,14.96144610
221,53,120.99535423,5.27153070,15.57259410
221,54,118.84788577,5.74981480,13.42479060
221,55,123.12671588,5.80342990,14.76934070
221,56,133.82800059,6.07176350,19.23739140
221,57,139.37666894,6.73390880,26.68720250
221,58,133.28627624,6.81146730,23.82350860
221,59,122.13014795,7.44768500,27.22356470
221,60,111.88751304,7.40573230,32.09082030
221,61,110.65786140,7.70161080,28.73444610
221,62,102.60537987,7.70970950,26.94730620
221,63,105.05362044,7.18135490,32.05940050
221,64,95.33874190,6.87228230,28.17560600
221,65,91.69110218,6.62954530,23.58601140
221,66,76.45792143,6.70824540,23.56589880
221,67,70.75843772,6.35595500,23.23656660
221,68,68.52694837,5.95736720,17.95425530
221,69,83.56642685,5.23334050,18.87156610
221,70,106.09964469,4.88825530,18.64637900
221,71,116.67989142,4.40087290,21.95696580
221,72,116.31809661,3.82679500,18.91331230
221,73,111.52454611,3.49414870,18.22408770
221,74,121.28506887,2.49903860,15.11140270
221,75,127.33152317,2.00350220,15.10131920
221,76,127.71343643,1.49596340,14.92209870
221,77,122.02523625,0.93728300,17.29227760
221,78,117.55167405,0.46604020,14.26272660
221,79,118.18974390,0.00000000,10.68480020
221,80,113.14683826,0.00000000,11.47343340
221,81,112.98422323,0.00000000,5.69761390
221,82,110.44157506,0.00000000,6.29123730
221,83,115.93925406,0.00000000,5.13627850
221,84,119.54454073,0.00000000,4.19812150
221,85,120.19767027,0.00000000,3.56758780
221,86,112.52980689,0.00000000,5.05412200
221,87,106.10301003,0.00000000,5.68228780
221,88,103.09632859,0.00000000,5.83502430
221,89,108.10426804,0.00000000,4.60188660
221,90,105.00114174,0.00000000,5.37229660
221,91,101.61189887,0.00000000,4.72685070
221,92,92.36729598,0.00000000,4.94848350
221,93,89.80154393,0.00000000,3.66179400
221,94,81.07276488,0.00000000,2.75207640
221,95,69.11499754,0.00000000,1.64058510
221,96,56.82983537,0.00000000,1.27354950
54,1,48.77967067,0.00000000,3.40018790
54,2,47.41351943,0.00000000,2.69534360
54,3,44.56228264,0.00000000,2.97266280
54,4,37.99589030,0.00000000,3.19488880
54,5,38.03577669,0.00000000,2.83520240
54,6,42.21824643,0.00000000,2.33913750
54,7,45.65943330,0.00000000,3.82109620
54,8,44.75480064,0.00000000,3.06081510
54,9,36.10074445,0.00000000,2.91666160
54,10,32.58314946,0.00000000,3.04736760
54,11,27.11421797,0.00000000,3.42803980
54,12,27.33716106,0.00000000,3.29222550
54,13,29.16066375,0.00000000,3.32763820
54,14,33.14709294,0.00000000,3.25879600
54,15,39.04251382,0.00000000,4.56648800
54,16,37.90036032,0.00000000,6.41558110
54,17,39.37924164,0.00000000,7.57795260
54,18,37.83008085,0.00000000,8.38587890
54,19,39.22969764,0.00000000,12.10849130
54,20,39.39016932,0.00000000,13.02512690
54,21,34.84683341,0.00000000,9.70630590
54,22,34.68743930,0.00000000,3.35603930
54,23,31.39928354,0.00000000,3.61837490
54,24,38.51751915,0.00000000,3.11828390
54,25,37.81908824,0.00000000,3.35012360
54,26,39.35088135,0.00000000,4.11365920
54,27,31.98838647,0.00000000,4.53450950
54,28,36.42343652,0.00000000,8.40088720
54,29,38.95443527,0.00000000,19.07007610
54,30,46.49004489,0.00000000,25.25536470
54,31,43.17262073,1.69288550,19.82410460
54,32,46.59690220,2.18892950,15.76355150
54,33,52.41029928,2.81245000,15.66369760
54,34,61.22470763,3.40960800,17.28679860
54,35,64.65643239,4.17190990,22.40058110
54,36,61.14086437,4.68884520,23.36548570
54,37,59.82257944,5.31893260,17.73433960
54,38,61.58589669,5.37071050,14.08061200
54,39,73.21029114,5.30561530,16.62351490
54,40,81.42771580,6.01072810,19.38583550
54,41,92.70249822,6.78270280,20.42766040
54,42,93.72769826,7.31654460,21.90932120
54,43,100.61830620,8.26510410,23.50483980
54,44,102.84036882,10.23164900,24.88027780
54,45,115.77900542,11.77305290,23.61242580
54,46,120.72667315,14.34791360,21.75296090
54,47,122.73808564,18.21231900,19.85086690
54,48,114.10692389,21.08617090,18.62570320
54,49,111.78046801,23.60762710,14.65336430
54,50,117.35925448,26.97253550,15.12820920
54,51,129.14525366,31.30157170,16.14841080
54,52,139.32966611,37.78106840,16.82053540
54,53,143.21607619,43.22103680,16.61575770
54,54,146.02855071,46.77186680,15.14199660
54,55,150.25162530,46.72861230,11.87518350
54,56,152.34180703,49.15748130,9.62618370
54,57,146.69346361,53.80321640,9.40228670
54,58,139.72412621,55.03553270,10.04458210
54,59,133.01731252,59.46575080,12.45368570
54,60,134.35322745,61.01151110,12.90796740
54,61,128.38355466,61.66227360,9.45225520
54,62,127.57188093,62.22525000,6.99780160
54,63,119.70640844,58.08178090,6.55143010
54,64,118.07510172,57.99419880,6.27472160
54,65,109.33934932,55.64968910,6.33697540
54,66,106.23444130,56.25895590,6.87719220
54,67,105.62890316,51.64496840,8.37295750
54,68,114.28147218,47.07120780,8.74814780
54,69,125.49045659,41.53573140,5.29867040
54,70,126.32563068,39.56740810,0.71483800
54,71,121.90323219,36.12730960,0.14109120
54,72,117.63874769,31.88770090,0.00000000
54,73,125.43947212,29.11467850,0.03647180
54,74,128.87081274,21.31839760,0.11630070
54,75,126.41091756,16.68819960,0.00000000
54,76,120.36114007,12.07428890,0.00000000
54,77,115.83736542,7.24557580,0.00000000
54,78,116.06541164,3.70700740,0.00000000
54,79,112.48173793,0.00000000,0.00000000
54,80,115.56816087,0.00000000,0.00000000
54,81,116.91512519,0.00000000,0.00000000
54,82,122.91671413,0.00000000,0.00000000
54,83,124.98858459,0.00000000,0.00000000
54,84,124.48487478,0.00000000,0.00000000
54,85,115.41171922,0.00000000,0.00000000
54,86,108.20817450,0.00000000,0.00000000
54,87,102.06076295,0.00000000,0.00000000
54,88,103.96783071,0.00000000,0.00000000
54,89,97.58537059,0.00000000,0.00000000
54,90,91.53653374,0.00000000,0.00000000
54,91,81.17169460,0.00000000,0.00000000
54,92,77.60957949,0.00000000,0.00000000
54,93,70.91780227,0.00000000,0.00000000
54,94,61.32847654,0.00000000,0.00000000
54,95,44.53217877,0.00000000,0.00000000
54,96,31.78026237,0.00000000,0.00000000
271,1,89.06004152,0.00000000,68.56820350
271,2,93.88273380,0.00000000,47.81840100
271,3,86.87754083,0.00000000,61.06138120
271,4,78.16748130,0.00000000,34.49171020
271,5,61.77625738,0.00000000,30.74102380
271,6,57.47403418,0.00000000,28.71889770
271,7,55.45258800,0.00000000,16.20286500
271,8,54.08992727,0.00000000,10.33032050
271,9,49.87243927,0.00000000,12.54952980
271,10,42.26869707,0.00000000,8.35684970
271,11,37.58871652,0.00000000,10.19153330
271,12,35.70650658,0.00000000,10.60223800
271,13,41.07205833,0.00000000,19.86277140
271,14,51.50655970,0.00000000,28.13395160
271,15,61.48817739,0.00000000,39.20468600
271,16,66.36934067,0.00000000,39.59507330
271,17,60.09076855,0.00000000,30.86183720
271,18,53.07169596,0.00000000,28.78816210
271,19,47.20993760,0.00000000,18.40887380
271,20,46.14626513,0.00000000,18.67325840
271,21,44.69506592,0.00000000,20.36787600
271,22,38.83997322,0.00000000,12.12967170
271,23,36.86486369,0.00000000,5.73664340
271,24,35.57539643,0.00000000,5.33094790
271,25,42.74290092,0.00000000,6.54562650
271,26,41.79111431,0.00000000,3.18121440
271,27,43.37486257,0.00000000,1.62002010
271,28,34.87434483,0.00000000,9.24773910
271,29,35.46971439,0.00000000,7.64140400
271,30,29.73239283,0.00000000,7.20131160
271,31,31.57638410,0.00000000,3.07035040
271,32,26.28957223,0.00000000,0.89175430
271,33,30.81395020,0.00000000,0.88868960
271,34,36.62221070,2.13075480,0.88566440
271,35,44.41051619,3.10834310,0.88267360
271,36,47.44490064,4.58190760,5.84485190
271,37,48.40302433,5.60823330,13.89890990
271,38,54.12991098,6.53579620,20.28067870
271,39,62.48187327,6.98608300,20.02768080
271,40,73.44597335,9.45477660,20.85001560
271,41,77.06901666,10.92942440,14.94286950
271,42,82.91001809,12.90326140,11.12835800
271,43,84.07123489,16.16695040,10.48031670
271,44,92.93221675,22.81070860,9.51915680
271,45,97.07036031,23.77694950,10.30020040
271,46,112.15899998,26.13408140,9.51730770
271,47,121.16445189,28.71038490,16.81247620
271,48,128.29538418,32.94649800,14.94461730
271,49,122.66546497,30.95789770,18.69367190
271,50,123.09085417,32.92414940,15.81445790
271,51,128.00049251,41.91901040,14.25721260
271,52,135.18233453,43.69258540,13.01442980
271,53,137.11061591,48.72085700,5.65438800
271,54,136.83263251,47.77708660,3.91972980
271,55,141.46807183,57.28830570,4.74939760
271,56,148.22466940,65.01160000,3.02688350
271,57,149.68293687,62.08212890,3.20235520
271,58,141.75477025,63.54918510,2.76182550
271,59,129.73954316,65.35584590,3.73920540
271,60,115.71504647,58.00762360,3.49602640
271,61,118.53277465,48.59570630,1.91409440
271,62,125.92972672,58.67938580,16.22542990
271,63,140.05377140,58.56759050,36.03723050
271,64,137.95890491,51.43958080,30.57017170
271,65,139.48256283,50.04003180,33.66629970
271,66,134.55259363,53.33152160,46.97678530
271,67,128.19337161,40.54891140,53.21262300
271,68,117.57998965,35.46449350,37.47139800
271,69,119.77802218,32.82985260,35.37669550
271,70,130.52201792,33.25814690,30.56999410
271,71,130.49944366,26.10058720,32.34792040
271,72,122.65036043,23.15639130,23.16374540
271,73,114.45087286,19.59306830,19.91965320
271,74,113.98243928,16.06962690,18.94302820
271,75,112.94398588,0.00000000,15.39613150
271,76,107.18551860,0.00000000,17.97064370
271,77,102.89395968,0.00000000,15.72355790
271,78,96.98650891,0.00000000,10.79721090
271,79,95.34495360,0.00000000,5.24771020
271,80,91.18734551,0.00000000,3.83277820
271,81,92.90631573,0.00000000,4.00945000
271,82,92.62875348,0.00000000,7.82031540
271,83,97.12292246,0.00000000,6.33535810
271,84,98.94687035,0.00000000,6.10579720
271,85,98.41278391,0.00000000,5.19789500
271,86,90.37436376,0.00000000,3.93298390
271,87,83.79896222,0.00000000,3.24047610
271,88,81.27105150,0.00000000,3.28939630
271,89,90.92419736,0.00000000,5.01766680
271,90,103.72204322,0.00000000,21.27332590
271,91,112.64665423,0.00000000,51.15415290
271,92,118.64643464,0.00000000,43.17963610
271,93,117.03923666,0.00000000,62.30764700
271,94,114.35949563,0.00000000,49.98742160
271,95,104.80493634,0.00000000,48.81635160
271,96,98.18585703,0.00000000,54.44105990
109,1,57.94106248,0.00000000,3.93630550
109,2,58.26711561,0.00000000,4.91674470
109,3,58.23797119,0.00000000,5.18416380
109,4,52.59009901,0.00000000,5.66622170
109,5,53.84457091,0.00000000,6.14770610
109,6,57.46136538,0.00000000,6.62864220
109,7,60.13740292,0.00000000,5.36963240
109,8,55.58545577,0.00000000,4.18774220
109,9,44.58053444,0.00000000,4.25838780
109,10,39.93781600,0.00000000,5.20382380
109,11,33.47604920,0.00000000,4.46516300
109,12,33.59319045,0.00000000,4.16849230
109,13,35.34075301,0.00000000,4.07945520
109,14,40.45339203,0.00000000,3.63058070
109,15,44.37262727,0.00000000,3.79364810
109,16,39.68892501,0.00000000,4.27562850
109,17,38.20055423,0.00000000,3.96256230
109,18,36.55708920,0.00000000,4.50929190
109,19,40.15176587,0.00000000,9.22554040
109,20,43.25924095,0.00000000,11.06387430
109,21,43.21674995,0.00000000,10.31444550
109,22,45.56605657,0.00000000,9.76883450
109,23,42.99078244,0.00000000,9.14774840
109,24,49.91198572,0.00000000,10.32261500
109,25,51.00868495,0.00000000,13.07757800
109,26,53.23646393,0.00000000,14.49204120
109,27,38.29178199,0.00000000,9.90488750
109,28,32.11283022,0.00000000,1.09151060
109,29,23.50920894,0.00000000,1.00104710
109,30,28.69515136,0.00000000,1.87648080
109,31,27.17892374,0.00000000,3.99289370
109,32,37.94819931,0.00000000,6.84094390
109,33,51.09577331,0.00000000,16.48931540
109,34,62.78851380,0.00000000,23.03461430
109,35,65.33533868,0.00000000,20.63593340
109,36,65.24169815,1.55048310,23.47324990
109,37,76.21623033,2.43530390,38.17775410
109,38,86.85283666,3.70642820,44.05061430
109,39,101.01637815,6.91770890,33.74176820
109,40,106.80097417,11.37312160,27.94578160
109,41,119.34441933,12.80614660,31.48580980
109,42,119.16517120,15.96188490,32.68459670
109,43,123.08518605,19.01611100,28.84229250
109,44,122.30017847,21.98843960,25.21704970
109,45,135.71038142,22.24051610,22.21642600
109,46,143.87609682,23.23018200,19.28000960
109,47,150.84425593,33.80134680,17.35730210
109,48,148.60881691,40.71377660,14.09333320
109,49,148.39808920,47.13665350,13.47436750
109,50,151.93889087,49.03696360,7.90651800
109,51,156.38599054,49.85031380,5.02050300
109,52,159.81183977,57.17610850,6.15994950
109,53,160.00000000,55.34838940,5.49599130
109,54,160.00000000,57.32524400,3.41865950
109,55,160.00000000,55.49830890,3.51376320
109,56,160.00000000,65.41044510,3.90225250
109,57,154.03462960,69.02913110,3.96446000
109,58,145.28094310,57.21933030,4.11077880
109,59,135.84203468,47.80838600,4.01585230
109,60,135.48213462,51.28108730,4.64399640
109,61,127.83349848,51.91992200,5.07423930
109,62,125.90767203,47.40107650,3.80745540
109,63,111.75248165,45.46146850,3.34327150
109,64,110.52000149,33.13289400,8.08426680
109,65,97.70413845,28.31220480,16.96572860
109,66,95.31452596,23.91584270,18.40944600
109,67,91.60798387,22.51827630,20.50774630
109,68,105.07582260,18.77608720,20.99932230
109,69,120.36213798,19.07302480,23.79079000
109,70,128.94775499,14.67851190,25.56329190
109,71,125.19301206,13.70475430,27.84757830
109,72,122.49066116,0.00000000,31.13700720
109,73,130.89698146,0.00000000,33.28350590
109,74,138.03180497,0.00000000,34.61655610
109,75,139.80305239,0.00000000,36.24835460
109,76,133.23540746,0.00000000,35.85938800
109,77,127.57037199,0.00000000,27.60911180
109,78,127.45118061,0.00000000,25.58074860
109,79,126.60293261,0.00000000,33.03922240
109,80,126.56414636,0.00000000,35.37876930
109,81,121.62280638,0.00000000,25.98546870
109,82,121.49927729,0.00000000,23.68039780
109,83,121.60899005,0.00000000,20.77849970
109,84,120.78479924,0.00000000,20.80595060
109,85,115.40029860,0.00000000,22.74076170
109,86,113.49946693,0.00000000,28.45600030
109,87,112.57844162,0.00000000,27.85406690
109,88,116.67454384,0.00000000,27.35802970
109,89,113.59891986,0.00000000,27.60965430
109,90,110.50881503,0.00000000,27.64725780
109,91,102.62461417,0.00000000,25.50774070
109,92,99.50717793,0.00000000,23.78030850
109,93,92.82681504,0.00000000,22.80343290
109,94,82.25219981,0.00000000,22.78883710
109,95,65.19988822,0.00000000,25.29089420
109,96,52.21797382,0.00000000,26.39369030
